opt_routine_time,Tend,Ts,err_tractor_X,err_tractor_Y,err_tractor_psi,err_tractor_v
28.0591473,9.96920340736355,0.132922712098181,0.049999934680022,2.58982432221888e-07,4.99999792055373,0.138888873866781
