opt_routine_time,Tend,Ts,err_tractor_X,err_tractor_Y,err_tractor_psi,err_tractor_v
42.5974993,11.8709061960957,0.158278749281277,2.67519046914799e-06,7.05554679673037e-05,0.0872524205827898,0.138828540775865
