RK2,RK3,RK4,FFD
2.63456500357124e-05,1.26778947279389e-11,1.2679670029868e-11,0.0416666993328847
0.000164660689498976,4.9367707154823e-10,4.9367707154823e-10,0.104166505809589
0.00065866349570917,7.89998451286171e-09,7.89998451286171e-09,0.208336135157083
0.00263469256932797,1.26401325763701e-07,1.26401325763701e-07,0.416650885997961
0.0164690711483672,4.93831220774663e-06,4.93831220774663e-06,1.04128803474001
0.0660476654981545,7.92236342932955e-05,7.92236342932955e-05,2.08455043837552
