RK2,RK3,RK4,FFD
1.53214686302918e-05,7.90602978913838e-12,7.90716265238597e-12,0.0242315152257745
9.58289333847314e-05,2.87233116153947e-10,2.87233136089099e-10,0.0606226366723906
0.000383792050534557,4.60322561479675e-09,4.60322564399277e-09,0.121393933359144
0.00153903456499062,7.38363296653243e-08,7.38363296416016e-08,0.24338327839356
0.00969578208006678,2.90731630606147e-06,2.9073163061291e-06,0.613034079242282
0.0394550268166867,4.73259818079987e-05,4.73259818079895e-05,1.24525208917691
