opt_routine_time,Tend,Ts,err_tractor_X,err_tractor_Y,err_tractor_psi,err_tractor_v,err_implement_X,err_implement_Y,err_implement_psi,err_implement_v
28.6578421,10.6146431755217,0.141528575673622,0.0499999994447764,0.00692799555482337,2.38765084351577,0.138888887896633,0.0499999996386711,1.38719927211817e-09,2.89304924613499,0.104772733856536
