opt_routine_time,Tend,Ts,err_tractor_X,err_tractor_Y,err_tractor_psi,err_tractor_v
22.3136215,9.97908289544727,0.133054438605964,0.0499999117760117,0.0250000089280795,0.0467582036126586,0.138888872941802
