Tend,Ts,err_tractor_X,err_tractor_Y,err_tractor_psi,err_tractor_v
18.75,0.25,4.61179828044149,1.91752724922555,1.73757145882756,0.05
